{
  "weights": {
    "XGBoost": 0.05,
    "CatBoost": 0.8500000000000001,
    "LightGBM": 0.09999999999999987
  },
  "threshold": 0.2599999999999999,
  "optimal_thresholds": {
    "XGBoost": 0.2799999999999999,
    "CatBoost": 0.22999999999999995,
    "LightGBM": 0.3699999999999999
  }
}