version,accuracy,precision,recall,f1,roc_auc
Ensemble@0.5,0.8487857142857143,0.855249745158002,0.8394797026872498,0.8472913510784101,0.923818485328485
HybridA (moderate=positive),0.8252142857142857,0.7774118794974997,0.9110920526014865,0.8389601842711418,0.923818485328485
HybridB (moderate=negative),0.8334285714285714,0.9136218517204683,0.7362778730703259,0.8154187114136457,0.923818485328485
