model,accuracy,precision,recall,f1,roc_auc
LogReg_cw,0.8441428571428572,0.8468299711815562,0.8400514579759862,0.8434270952927669,0.9172743607426483
RF_cw,0.8448571428571429,0.844374643061108,0.8453401943967982,0.8448571428571429,0.9160123807387366
XGB_spw,0.8469285714285715,0.8527402238697485,0.8384791309319611,0.8455495495495495,0.9216147703231903
CAT_cw,0.8487142857142858,0.8550218340611354,0.839622641509434,0.8472522717438339,0.9245760161880869
LGBM_cw,0.8487142857142858,0.8548152458539424,0.8399085191538022,0.847296322999279,0.9230701177371813
