model,average_precision
XGBoost_best_5cv,0.9225704474388721
CatBoost_best_5cv,0.9297047473666876
LightGBM_best_5cv,0.9261651319743913
Ensemble(XGB+CAT),0.9270581584019474
